"image","mask","has_defect"
"train/10000.png","train/10000_GT.png","0"
"train/10001.png","train/10001_GT.png","0"
"train/10002.png","train/10002_GT.png","0"
"train/10003.png","train/10003_GT.png","0"
"train/10004.png","train/10004_GT.png","0"
"train/10005.png","train/10005_GT.png","0"
"train/10006.png","train/10006_GT.png","0"
"train/10007.png","train/10007_GT.png","0"
"train/10008.png","train/10008_GT.png","0"
"train/10009.png","train/10009_GT.png","0"
"train/10011.png","train/10011_GT.png","0"
"train/10012.png","train/10012_GT.png","0"
"train/10013.png","train/10013_GT.png","0"
"train/10014.png","train/10014_GT.png","0"
"train/10015.png","train/10015_GT.png","0"
"train/10016.png","train/10016_GT.png","0"
"train/10019.png","train/10019_GT.png","0"
"train/10020.png","train/10020_GT.png","0"
"train/10022.png","train/10022_GT.png","0"
"train/10023.png","train/10023_GT.png","0"
"train/10024.png","train/10024_GT.png","0"
"train/10026.png","train/10026_GT.png","0"
"train/10027.png","train/10027_GT.png","0"
"train/10030.png","train/10030_GT.png","0"
"train/10031.png","train/10031_GT.png","0"
"train/10032.png","train/10032_GT.png","0"
"train/10033.png","train/10033_GT.png","0"
"train/10035.png","train/10035_GT.png","0"
"train/10036.png","train/10036_GT.png","0"
"train/10037.png","train/10037_GT.png","0"
"train/10038.png","train/10038_GT.png","0"
"train/10039.png","train/10039_GT.png","0"
"train/10040.png","train/10040_GT.png","0"
"train/10041.png","train/10041_GT.png","0"
"train/10042.png","train/10042_GT.png","0"
"train/10043.png","train/10043_GT.png","0"
"train/10044.png","train/10044_GT.png","0"
"train/10046.png","train/10046_GT.png","0"
"train/10047.png","train/10047_GT.png","1"
"train/10048.png","train/10048_GT.png","0"
"train/10050.png","train/10050_GT.png","0"
"train/10051.png","train/10051_GT.png","0"
"train/10052.png","train/10052_GT.png","0"
"train/10054.png","train/10054_GT.png","0"
"train/10055.png","train/10055_GT.png","0"
"train/10056.png","train/10056_GT.png","0"
"train/10058.png","train/10058_GT.png","0"
"train/10060.png","train/10060_GT.png","1"
"train/10061.png","train/10061_GT.png","0"
"train/10062.png","train/10062_GT.png","0"
"train/10063.png","train/10063_GT.png","0"
"train/10064.png","train/10064_GT.png","0"
"train/10065.png","train/10065_GT.png","1"
"train/10066.png","train/10066_GT.png","0"
"train/10068.png","train/10068_GT.png","0"
"train/10069.png","train/10069_GT.png","0"
"train/10070.png","train/10070_GT.png","0"
"train/10071.png","train/10071_GT.png","0"
"train/10072.png","train/10072_GT.png","0"
"train/10073.png","train/10073_GT.png","0"
"train/10074.png","train/10074_GT.png","0"
"train/10075.png","train/10075_GT.png","0"
"train/10077.png","train/10077_GT.png","0"
"train/10078.png","train/10078_GT.png","0"
"train/10079.png","train/10079_GT.png","0"
"train/10080.png","train/10080_GT.png","0"
"train/10082.png","train/10082_GT.png","0"
"train/10083.png","train/10083_GT.png","0"
"train/10084.png","train/10084_GT.png","1"
"train/10085.png","train/10085_GT.png","0"
"train/10086.png","train/10086_GT.png","0"
"train/10087.png","train/10087_GT.png","0"
"train/10088.png","train/10088_GT.png","0"
"train/10089.png","train/10089_GT.png","0"
"train/10090.png","train/10090_GT.png","1"
"train/10091.png","train/10091_GT.png","0"
"train/10093.png","train/10093_GT.png","0"
"train/10094.png","train/10094_GT.png","0"
"train/10096.png","train/10096_GT.png","0"
"train/10099.png","train/10099_GT.png","0"
"train/10101.png","train/10101_GT.png","0"
"train/10102.png","train/10102_GT.png","0"
"train/10103.png","train/10103_GT.png","0"
"train/10104.png","train/10104_GT.png","0"
"train/10105.png","train/10105_GT.png","0"
"train/10106.png","train/10106_GT.png","0"
"train/10107.png","train/10107_GT.png","0"
"train/10108.png","train/10108_GT.png","0"
"train/10109.png","train/10109_GT.png","0"
"train/10110.png","train/10110_GT.png","0"
"train/10111.png","train/10111_GT.png","0"
"train/10112.png","train/10112_GT.png","0"
"train/10113.png","train/10113_GT.png","0"
"train/10114.png","train/10114_GT.png","0"
"train/10115.png","train/10115_GT.png","0"
"train/10117.png","train/10117_GT.png","0"
"train/10118.png","train/10118_GT.png","0"
"train/10119.png","train/10119_GT.png","0"
"train/10120.png","train/10120_GT.png","0"
"train/10121.png","train/10121_GT.png","0"
"train/10123.png","train/10123_GT.png","0"
"train/10124.png","train/10124_GT.png","0"
"train/10125.png","train/10125_GT.png","0"
"train/10126.png","train/10126_GT.png","0"
"train/10127.png","train/10127_GT.png","0"
"train/10128.png","train/10128_GT.png","0"
"train/10129.png","train/10129_GT.png","0"
"train/10131.png","train/10131_GT.png","0"
"train/10132.png","train/10132_GT.png","0"
"train/10133.png","train/10133_GT.png","0"
"train/10134.png","train/10134_GT.png","0"
"train/10135.png","train/10135_GT.png","1"
"train/10136.png","train/10136_GT.png","0"
"train/10137.png","train/10137_GT.png","0"
"train/10138.png","train/10138_GT.png","0"
"train/10139.png","train/10139_GT.png","0"
"train/10140.png","train/10140_GT.png","0"
"train/10141.png","train/10141_GT.png","0"
"train/10143.png","train/10143_GT.png","0"
"train/10144.png","train/10144_GT.png","0"
"train/10145.png","train/10145_GT.png","1"
"train/10146.png","train/10146_GT.png","0"
"train/10147.png","train/10147_GT.png","0"
"train/10149.png","train/10149_GT.png","0"
"train/10150.png","train/10150_GT.png","0"
"train/10151.png","train/10151_GT.png","0"
"train/10152.png","train/10152_GT.png","0"
"train/10153.png","train/10153_GT.png","0"
"train/10154.png","train/10154_GT.png","0"
"train/10155.png","train/10155_GT.png","0"
"train/10156.png","train/10156_GT.png","0"
"train/10157.png","train/10157_GT.png","1"
"train/10158.png","train/10158_GT.png","0"
"train/10159.png","train/10159_GT.png","1"
"train/10160.png","train/10160_GT.png","0"
"train/10161.png","train/10161_GT.png","0"
"train/10162.png","train/10162_GT.png","0"
"train/10163.png","train/10163_GT.png","0"
"train/10164.png","train/10164_GT.png","0"
"train/10165.png","train/10165_GT.png","0"
"train/10166.png","train/10166_GT.png","0"
"train/10167.png","train/10167_GT.png","0"
"train/10168.png","train/10168_GT.png","0"
"train/10169.png","train/10169_GT.png","0"
"train/10170.png","train/10170_GT.png","0"
"train/10171.png","train/10171_GT.png","0"
"train/10172.png","train/10172_GT.png","0"
"train/10174.png","train/10174_GT.png","0"
"train/10175.png","train/10175_GT.png","0"
"train/10176.png","train/10176_GT.png","0"
"train/10177.png","train/10177_GT.png","0"
"train/10178.png","train/10178_GT.png","0"
"train/10179.png","train/10179_GT.png","0"
"train/10180.png","train/10180_GT.png","0"
"train/10181.png","train/10181_GT.png","0"
"train/10183.png","train/10183_GT.png","0"
"train/10184.png","train/10184_GT.png","0"
"train/10186.png","train/10186_GT.png","0"
"train/10187.png","train/10187_GT.png","0"
"train/10188.png","train/10188_GT.png","0"
"train/10189.png","train/10189_GT.png","0"
"train/10190.png","train/10190_GT.png","0"
"train/10191.png","train/10191_GT.png","0"
"train/10192.png","train/10192_GT.png","0"
"train/10193.png","train/10193_GT.png","0"
"train/10197.png","train/10197_GT.png","0"
"train/10199.png","train/10199_GT.png","0"
"train/10200.png","train/10200_GT.png","0"
"train/10202.png","train/10202_GT.png","0"
"train/10203.png","train/10203_GT.png","0"
"train/10204.png","train/10204_GT.png","0"
"train/10205.png","train/10205_GT.png","0"
"train/10206.png","train/10206_GT.png","1"
"train/10207.png","train/10207_GT.png","0"
"train/10208.png","train/10208_GT.png","1"
"train/10209.png","train/10209_GT.png","0"
"train/10210.png","train/10210_GT.png","0"
"train/10211.png","train/10211_GT.png","0"
"train/10214.png","train/10214_GT.png","0"
"train/10216.png","train/10216_GT.png","0"
"train/10217.png","train/10217_GT.png","0"
"train/10219.png","train/10219_GT.png","0"
"train/10220.png","train/10220_GT.png","0"
"train/10221.png","train/10221_GT.png","0"
"train/10222.png","train/10222_GT.png","0"
"train/10223.png","train/10223_GT.png","1"
"train/10225.png","train/10225_GT.png","0"
"train/10227.png","train/10227_GT.png","0"
"train/10229.png","train/10229_GT.png","0"
"train/10231.png","train/10231_GT.png","0"
"train/10233.png","train/10233_GT.png","0"
"train/10234.png","train/10234_GT.png","0"
"train/10235.png","train/10235_GT.png","1"
"train/10236.png","train/10236_GT.png","0"
"train/10237.png","train/10237_GT.png","0"
"train/10238.png","train/10238_GT.png","0"
"train/10239.png","train/10239_GT.png","0"
"train/10240.png","train/10240_GT.png","0"
"train/10241.png","train/10241_GT.png","0"
"train/10242.png","train/10242_GT.png","0"
"train/10244.png","train/10244_GT.png","1"
"train/10245.png","train/10245_GT.png","0"
"train/10247.png","train/10247_GT.png","1"
"train/10248.png","train/10248_GT.png","0"
"train/10249.png","train/10249_GT.png","0"
"train/10250.png","train/10250_GT.png","0"
"train/10251.png","train/10251_GT.png","0"
"train/10252.png","train/10252_GT.png","0"
"train/10253.png","train/10253_GT.png","0"
"train/10254.png","train/10254_GT.png","1"
"train/10255.png","train/10255_GT.png","0"
"train/10256.png","train/10256_GT.png","0"
"train/10257.png","train/10257_GT.png","0"
"train/10258.png","train/10258_GT.png","1"
"train/10259.png","train/10259_GT.png","0"
"train/10260.png","train/10260_GT.png","0"
"train/10261.png","train/10261_GT.png","0"
"train/10262.png","train/10262_GT.png","0"
"train/10263.png","train/10263_GT.png","0"
"train/10264.png","train/10264_GT.png","0"
"train/10265.png","train/10265_GT.png","0"
"train/10266.png","train/10266_GT.png","1"
"train/10267.png","train/10267_GT.png","0"
"train/10268.png","train/10268_GT.png","0"
"train/10269.png","train/10269_GT.png","0"
"train/10270.png","train/10270_GT.png","0"
"train/10271.png","train/10271_GT.png","0"
"train/10272.png","train/10272_GT.png","0"
"train/10273.png","train/10273_GT.png","1"
"train/10274.png","train/10274_GT.png","0"
"train/10278.png","train/10278_GT.png","0"
"train/10279.png","train/10279_GT.png","0"
"train/10280.png","train/10280_GT.png","0"
"train/10282.png","train/10282_GT.png","0"
"train/10283.png","train/10283_GT.png","0"
"train/10284.png","train/10284_GT.png","0"
"train/10285.png","train/10285_GT.png","0"
"train/10286.png","train/10286_GT.png","0"
"train/10287.png","train/10287_GT.png","0"
"train/10288.png","train/10288_GT.png","0"
"train/10292.png","train/10292_GT.png","0"
"train/10293.png","train/10293_GT.png","0"
"train/10295.png","train/10295_GT.png","0"
"train/10296.png","train/10296_GT.png","0"
"train/10298.png","train/10298_GT.png","0"
"train/10300.png","train/10300_GT.png","0"
"train/10301.png","train/10301_GT.png","1"
"train/10303.png","train/10303_GT.png","0"
"train/10304.png","train/10304_GT.png","1"
"train/10307.png","train/10307_GT.png","0"
"train/10308.png","train/10308_GT.png","1"
"train/10309.png","train/10309_GT.png","1"
"train/10311.png","train/10311_GT.png","0"
"train/10312.png","train/10312_GT.png","1"
"train/10313.png","train/10313_GT.png","0"
"train/10314.png","train/10314_GT.png","0"
"train/10315.png","train/10315_GT.png","0"
"train/10316.png","train/10316_GT.png","0"
"train/10317.png","train/10317_GT.png","0"
"train/10318.png","train/10318_GT.png","0"
"train/10320.png","train/10320_GT.png","0"
"train/10321.png","train/10321_GT.png","0"
"train/10322.png","train/10322_GT.png","0"
"train/10323.png","train/10323_GT.png","0"
"train/10324.png","train/10324_GT.png","0"
"train/10325.png","train/10325_GT.png","0"
"train/10329.png","train/10329_GT.png","0"
"train/10331.png","train/10331_GT.png","0"
"train/10332.png","train/10332_GT.png","0"
"train/10333.png","train/10333_GT.png","0"
"train/10334.png","train/10334_GT.png","0"
"train/10335.png","train/10335_GT.png","1"
"train/10337.png","train/10337_GT.png","1"
"train/10338.png","train/10338_GT.png","0"
"train/10339.png","train/10339_GT.png","0"
"train/10341.png","train/10341_GT.png","0"
"train/10342.png","train/10342_GT.png","0"
"train/10343.png","train/10343_GT.png","0"
"train/10344.png","train/10344_GT.png","1"
"train/10345.png","train/10345_GT.png","1"
"train/10346.png","train/10346_GT.png","0"
"train/10347.png","train/10347_GT.png","0"
"train/10348.png","train/10348_GT.png","0"
"train/10349.png","train/10349_GT.png","0"
"train/10351.png","train/10351_GT.png","0"
"train/10352.png","train/10352_GT.png","1"
"train/10353.png","train/10353_GT.png","0"
"train/10354.png","train/10354_GT.png","1"
"train/10355.png","train/10355_GT.png","0"
"train/10356.png","train/10356_GT.png","0"
"train/10357.png","train/10357_GT.png","0"
"train/10358.png","train/10358_GT.png","0"
"train/10359.png","train/10359_GT.png","0"
"train/10360.png","train/10360_GT.png","0"
"train/10361.png","train/10361_GT.png","0"
"train/10362.png","train/10362_GT.png","0"
"train/10363.png","train/10363_GT.png","0"
"train/10364.png","train/10364_GT.png","0"
"train/10366.png","train/10366_GT.png","0"
"train/10367.png","train/10367_GT.png","1"
"train/10368.png","train/10368_GT.png","0"
"train/10369.png","train/10369_GT.png","0"
"train/10370.png","train/10370_GT.png","0"
"train/10371.png","train/10371_GT.png","0"
"train/10372.png","train/10372_GT.png","0"
"train/10373.png","train/10373_GT.png","0"
"train/10374.png","train/10374_GT.png","0"
"train/10375.png","train/10375_GT.png","0"
"train/10376.png","train/10376_GT.png","0"
"train/10377.png","train/10377_GT.png","0"
"train/10378.png","train/10378_GT.png","0"
"train/10379.png","train/10379_GT.png","0"
"train/10381.png","train/10381_GT.png","0"
"train/10382.png","train/10382_GT.png","1"
"train/10383.png","train/10383_GT.png","1"
"train/10385.png","train/10385_GT.png","0"
"train/10386.png","train/10386_GT.png","0"
"train/10387.png","train/10387_GT.png","0"
"train/10388.png","train/10388_GT.png","0"
"train/10390.png","train/10390_GT.png","0"
"train/10393.png","train/10393_GT.png","0"
"train/10395.png","train/10395_GT.png","0"
"train/10396.png","train/10396_GT.png","1"
"train/10397.png","train/10397_GT.png","0"
"train/10399.png","train/10399_GT.png","0"
"train/10400.png","train/10400_GT.png","0"
"train/10402.png","train/10402_GT.png","1"
"train/10404.png","train/10404_GT.png","0"
"train/10406.png","train/10406_GT.png","0"
"train/10409.png","train/10409_GT.png","0"
"train/10410.png","train/10410_GT.png","0"
"train/10411.png","train/10411_GT.png","0"
"train/10413.png","train/10413_GT.png","0"
"train/10414.png","train/10414_GT.png","1"
"train/10415.png","train/10415_GT.png","0"
"train/10416.png","train/10416_GT.png","0"
"train/10417.png","train/10417_GT.png","0"
"train/10418.png","train/10418_GT.png","0"
"train/10419.png","train/10419_GT.png","0"
"train/10420.png","train/10420_GT.png","0"
"train/10421.png","train/10421_GT.png","1"
"train/10422.png","train/10422_GT.png","0"
"train/10423.png","train/10423_GT.png","1"
"train/10424.png","train/10424_GT.png","0"
"train/10426.png","train/10426_GT.png","1"
"train/10427.png","train/10427_GT.png","0"
"train/10428.png","train/10428_GT.png","0"
"train/10429.png","train/10429_GT.png","0"
"train/10430.png","train/10430_GT.png","0"
"train/10431.png","train/10431_GT.png","0"
"train/10434.png","train/10434_GT.png","0"
"train/10436.png","train/10436_GT.png","0"
"train/10437.png","train/10437_GT.png","0"
"train/10438.png","train/10438_GT.png","0"
"train/10439.png","train/10439_GT.png","0"
"train/10440.png","train/10440_GT.png","0"
"train/10441.png","train/10441_GT.png","0"
"train/10442.png","train/10442_GT.png","0"
"train/10443.png","train/10443_GT.png","0"
"train/10444.png","train/10444_GT.png","0"
"train/10445.png","train/10445_GT.png","0"
"train/10446.png","train/10446_GT.png","0"
"train/10451.png","train/10451_GT.png","0"
"train/10452.png","train/10452_GT.png","0"
"train/10453.png","train/10453_GT.png","0"
"train/10454.png","train/10454_GT.png","0"
"train/10455.png","train/10455_GT.png","0"
"train/10456.png","train/10456_GT.png","0"
"train/10460.png","train/10460_GT.png","0"
"train/10462.png","train/10462_GT.png","0"
"train/10465.png","train/10465_GT.png","0"
"train/10467.png","train/10467_GT.png","0"
"train/10468.png","train/10468_GT.png","0"
"train/10469.png","train/10469_GT.png","0"
"train/10470.png","train/10470_GT.png","0"
"train/10471.png","train/10471_GT.png","0"
"train/10473.png","train/10473_GT.png","0"
"train/10474.png","train/10474_GT.png","0"
"train/10475.png","train/10475_GT.png","0"
"train/10478.png","train/10478_GT.png","1"
"train/10480.png","train/10480_GT.png","0"
"train/10481.png","train/10481_GT.png","0"
"train/10482.png","train/10482_GT.png","0"
"train/10483.png","train/10483_GT.png","0"
"train/10484.png","train/10484_GT.png","0"
"train/10485.png","train/10485_GT.png","0"
"train/10486.png","train/10486_GT.png","0"
"train/10487.png","train/10487_GT.png","1"
"train/10488.png","train/10488_GT.png","0"
"train/10489.png","train/10489_GT.png","0"
"train/10490.png","train/10490_GT.png","0"
"train/10492.png","train/10492_GT.png","0"
"train/10493.png","train/10493_GT.png","0"
"train/10494.png","train/10494_GT.png","0"
"train/10495.png","train/10495_GT.png","0"
"train/10496.png","train/10496_GT.png","0"
"train/10497.png","train/10497_GT.png","0"
"train/10498.png","train/10498_GT.png","0"
"train/10499.png","train/10499_GT.png","1"
"train/10501.png","train/10501_GT.png","0"
"train/10503.png","train/10503_GT.png","0"
"train/10504.png","train/10504_GT.png","0"
"train/10505.png","train/10505_GT.png","0"
"train/10506.png","train/10506_GT.png","1"
"train/10507.png","train/10507_GT.png","0"
"train/10508.png","train/10508_GT.png","0"
"train/10509.png","train/10509_GT.png","0"
"train/10510.png","train/10510_GT.png","0"
"train/10511.png","train/10511_GT.png","0"
"train/10512.png","train/10512_GT.png","0"
"train/10514.png","train/10514_GT.png","1"
"train/10515.png","train/10515_GT.png","0"
"train/10517.png","train/10517_GT.png","0"
"train/10519.png","train/10519_GT.png","0"
"train/10521.png","train/10521_GT.png","0"
"train/10522.png","train/10522_GT.png","0"
"train/10523.png","train/10523_GT.png","0"
"train/10524.png","train/10524_GT.png","0"
"train/10525.png","train/10525_GT.png","0"
"train/10526.png","train/10526_GT.png","0"
"train/10527.png","train/10527_GT.png","0"
"train/10528.png","train/10528_GT.png","0"
"train/10529.png","train/10529_GT.png","0"
"train/10530.png","train/10530_GT.png","0"
"train/10531.png","train/10531_GT.png","0"
"train/10532.png","train/10532_GT.png","0"
"train/10533.png","train/10533_GT.png","0"
"train/10535.png","train/10535_GT.png","0"
"train/10536.png","train/10536_GT.png","1"
"train/10537.png","train/10537_GT.png","0"
"train/10538.png","train/10538_GT.png","0"
"train/10539.png","train/10539_GT.png","0"
"train/10540.png","train/10540_GT.png","0"
"train/10541.png","train/10541_GT.png","0"
"train/10542.png","train/10542_GT.png","0"
"train/10543.png","train/10543_GT.png","0"
"train/10545.png","train/10545_GT.png","0"
"train/10546.png","train/10546_GT.png","0"
"train/10547.png","train/10547_GT.png","0"
"train/10548.png","train/10548_GT.png","0"
"train/10549.png","train/10549_GT.png","0"
"train/10550.png","train/10550_GT.png","0"
"train/10551.png","train/10551_GT.png","0"
"train/10552.png","train/10552_GT.png","0"
"train/10553.png","train/10553_GT.png","0"
"train/10555.png","train/10555_GT.png","0"
"train/10556.png","train/10556_GT.png","0"
"train/10557.png","train/10557_GT.png","1"
"train/10558.png","train/10558_GT.png","0"
"train/10559.png","train/10559_GT.png","0"
"train/10560.png","train/10560_GT.png","0"
"train/10561.png","train/10561_GT.png","0"
"train/10562.png","train/10562_GT.png","0"
"train/10563.png","train/10563_GT.png","0"
"train/10564.png","train/10564_GT.png","0"
"train/10565.png","train/10565_GT.png","0"
"train/10566.png","train/10566_GT.png","0"
"train/10567.png","train/10567_GT.png","0"
"train/10568.png","train/10568_GT.png","0"
"train/10569.png","train/10569_GT.png","1"
"train/10570.png","train/10570_GT.png","0"
"train/10571.png","train/10571_GT.png","0"
"train/10572.png","train/10572_GT.png","0"
"train/10573.png","train/10573_GT.png","0"
"train/10574.png","train/10574_GT.png","1"
"train/10575.png","train/10575_GT.png","0"
"train/10576.png","train/10576_GT.png","0"
"train/10577.png","train/10577_GT.png","0"
"train/10578.png","train/10578_GT.png","0"
"train/10579.png","train/10579_GT.png","0"
"train/10581.png","train/10581_GT.png","0"
"train/10582.png","train/10582_GT.png","0"
"train/10584.png","train/10584_GT.png","0"
"train/10585.png","train/10585_GT.png","1"
"train/10588.png","train/10588_GT.png","0"
"train/10589.png","train/10589_GT.png","0"
"train/10590.png","train/10590_GT.png","0"
"train/10593.png","train/10593_GT.png","0"
"train/10594.png","train/10594_GT.png","0"
"train/10596.png","train/10596_GT.png","0"
"train/10597.png","train/10597_GT.png","0"
"train/10598.png","train/10598_GT.png","0"
"train/10600.png","train/10600_GT.png","0"
"train/10602.png","train/10602_GT.png","1"
"train/10603.png","train/10603_GT.png","0"
"train/10604.png","train/10604_GT.png","0"
"train/10605.png","train/10605_GT.png","0"
"train/10606.png","train/10606_GT.png","0"
"train/10607.png","train/10607_GT.png","0"
"train/10608.png","train/10608_GT.png","0"
"train/10609.png","train/10609_GT.png","0"
"train/10610.png","train/10610_GT.png","0"
"train/10611.png","train/10611_GT.png","0"
"train/10612.png","train/10612_GT.png","1"
"train/10614.png","train/10614_GT.png","0"
"train/10615.png","train/10615_GT.png","0"
"train/10616.png","train/10616_GT.png","0"
"train/10617.png","train/10617_GT.png","0"
"train/10618.png","train/10618_GT.png","1"
"train/10619.png","train/10619_GT.png","0"
"train/10620.png","train/10620_GT.png","0"
"train/10621.png","train/10621_GT.png","0"
"train/10622.png","train/10622_GT.png","0"
"train/10623.png","train/10623_GT.png","0"
"train/10624.png","train/10624_GT.png","0"
"train/10625.png","train/10625_GT.png","0"
"train/10626.png","train/10626_GT.png","0"
"train/10628.png","train/10628_GT.png","1"
"train/10629.png","train/10629_GT.png","0"
"train/10630.png","train/10630_GT.png","0"
"train/10632.png","train/10632_GT.png","0"
"train/10633.png","train/10633_GT.png","0"
"train/10634.png","train/10634_GT.png","0"
"train/10635.png","train/10635_GT.png","0"
"train/10637.png","train/10637_GT.png","1"
"train/10638.png","train/10638_GT.png","1"
"train/10639.png","train/10639_GT.png","0"
"train/10640.png","train/10640_GT.png","0"
"train/10641.png","train/10641_GT.png","0"
"train/10642.png","train/10642_GT.png","0"
"train/10644.png","train/10644_GT.png","0"
"train/10647.png","train/10647_GT.png","1"
"train/10648.png","train/10648_GT.png","1"
"train/10649.png","train/10649_GT.png","0"
"train/10650.png","train/10650_GT.png","0"
"train/10651.png","train/10651_GT.png","0"
"train/10653.png","train/10653_GT.png","0"
"train/10654.png","train/10654_GT.png","1"
"train/10655.png","train/10655_GT.png","0"
"train/10656.png","train/10656_GT.png","0"
"train/10657.png","train/10657_GT.png","0"
"train/10658.png","train/10658_GT.png","0"
"train/10659.png","train/10659_GT.png","1"
"train/10662.png","train/10662_GT.png","0"
"train/10663.png","train/10663_GT.png","1"
"train/10664.png","train/10664_GT.png","0"
"train/10666.png","train/10666_GT.png","0"
"train/10667.png","train/10667_GT.png","0"
"train/10668.png","train/10668_GT.png","0"
"train/10669.png","train/10669_GT.png","0"
"train/10672.png","train/10672_GT.png","1"
"train/10673.png","train/10673_GT.png","0"
"train/10674.png","train/10674_GT.png","0"
"train/10675.png","train/10675_GT.png","0"
"train/10676.png","train/10676_GT.png","0"
"train/10678.png","train/10678_GT.png","1"
"train/10679.png","train/10679_GT.png","0"
"train/10680.png","train/10680_GT.png","0"
"train/10681.png","train/10681_GT.png","0"
"train/10682.png","train/10682_GT.png","0"
"train/10683.png","train/10683_GT.png","0"
"train/10684.png","train/10684_GT.png","0"
"train/10685.png","train/10685_GT.png","0"
"train/10686.png","train/10686_GT.png","0"
"train/10687.png","train/10687_GT.png","0"
"train/10689.png","train/10689_GT.png","0"
"train/10690.png","train/10690_GT.png","0"
"train/10692.png","train/10692_GT.png","0"
"train/10693.png","train/10693_GT.png","0"
"train/10694.png","train/10694_GT.png","0"
"train/10695.png","train/10695_GT.png","1"
"train/10696.png","train/10696_GT.png","0"
"train/10697.png","train/10697_GT.png","0"
"train/10699.png","train/10699_GT.png","0"
"train/10700.png","train/10700_GT.png","0"
"train/10701.png","train/10701_GT.png","0"
"train/10702.png","train/10702_GT.png","0"
"train/10703.png","train/10703_GT.png","0"
"train/10704.png","train/10704_GT.png","0"
"train/10705.png","train/10705_GT.png","0"
"train/10706.png","train/10706_GT.png","0"
"train/10707.png","train/10707_GT.png","1"
"train/10708.png","train/10708_GT.png","0"
"train/10710.png","train/10710_GT.png","0"
"train/10711.png","train/10711_GT.png","1"
"train/10712.png","train/10712_GT.png","1"
"train/10713.png","train/10713_GT.png","0"
"train/10714.png","train/10714_GT.png","1"
"train/10715.png","train/10715_GT.png","0"
"train/10716.png","train/10716_GT.png","0"
"train/10717.png","train/10717_GT.png","0"
"train/10718.png","train/10718_GT.png","0"
"train/10719.png","train/10719_GT.png","0"
"train/10720.png","train/10720_GT.png","0"
"train/10721.png","train/10721_GT.png","0"
"train/10722.png","train/10722_GT.png","0"
"train/10724.png","train/10724_GT.png","0"
"train/10725.png","train/10725_GT.png","0"
"train/10726.png","train/10726_GT.png","0"
"train/10727.png","train/10727_GT.png","1"
"train/10728.png","train/10728_GT.png","0"
"train/10729.png","train/10729_GT.png","1"
"train/10730.png","train/10730_GT.png","0"
"train/10731.png","train/10731_GT.png","0"
"train/10732.png","train/10732_GT.png","0"
"train/10733.png","train/10733_GT.png","0"
"train/10734.png","train/10734_GT.png","0"
"train/10735.png","train/10735_GT.png","0"
"train/10736.png","train/10736_GT.png","0"
"train/10737.png","train/10737_GT.png","0"
"train/10738.png","train/10738_GT.png","0"
"train/10739.png","train/10739_GT.png","0"
"train/10740.png","train/10740_GT.png","0"
"train/10741.png","train/10741_GT.png","0"
"train/10742.png","train/10742_GT.png","0"
"train/10743.png","train/10743_GT.png","1"
"train/10744.png","train/10744_GT.png","0"
"train/10746.png","train/10746_GT.png","0"
"train/10747.png","train/10747_GT.png","0"
"train/10748.png","train/10748_GT.png","0"
"train/10750.png","train/10750_GT.png","0"
"train/10751.png","train/10751_GT.png","0"
"train/10752.png","train/10752_GT.png","0"
"train/10753.png","train/10753_GT.png","0"
"train/10754.png","train/10754_GT.png","0"
"train/10755.png","train/10755_GT.png","0"
"train/10757.png","train/10757_GT.png","0"
"train/10758.png","train/10758_GT.png","0"
"train/10760.png","train/10760_GT.png","0"
"train/10761.png","train/10761_GT.png","0"
"train/10762.png","train/10762_GT.png","0"
"train/10763.png","train/10763_GT.png","0"
"train/10764.png","train/10764_GT.png","0"
"train/10765.png","train/10765_GT.png","0"
"train/10766.png","train/10766_GT.png","0"
"train/10767.png","train/10767_GT.png","0"
"train/10768.png","train/10768_GT.png","0"
"train/10769.png","train/10769_GT.png","0"
"train/10771.png","train/10771_GT.png","0"
"train/10772.png","train/10772_GT.png","0"
"train/10773.png","train/10773_GT.png","0"
"train/10774.png","train/10774_GT.png","1"
"train/10776.png","train/10776_GT.png","0"
"train/10777.png","train/10777_GT.png","0"
"train/10778.png","train/10778_GT.png","0"
"train/10780.png","train/10780_GT.png","0"
"train/10781.png","train/10781_GT.png","0"
"train/10782.png","train/10782_GT.png","0"
"train/10783.png","train/10783_GT.png","0"
"train/10784.png","train/10784_GT.png","0"
"train/10785.png","train/10785_GT.png","0"
"train/10786.png","train/10786_GT.png","0"
"train/10787.png","train/10787_GT.png","0"
"train/10788.png","train/10788_GT.png","0"
"train/10789.png","train/10789_GT.png","0"
"train/10790.png","train/10790_GT.png","0"
"train/10792.png","train/10792_GT.png","0"
"train/10794.png","train/10794_GT.png","0"
"train/10796.png","train/10796_GT.png","0"
"train/10797.png","train/10797_GT.png","1"
"train/10798.png","train/10798_GT.png","0"
"train/10799.png","train/10799_GT.png","0"
"train/10800.png","train/10800_GT.png","0"
"train/10801.png","train/10801_GT.png","0"
"train/10802.png","train/10802_GT.png","0"
"train/10803.png","train/10803_GT.png","0"
"train/10805.png","train/10805_GT.png","0"
"train/10806.png","train/10806_GT.png","0"
"train/10807.png","train/10807_GT.png","0"
"train/10808.png","train/10808_GT.png","1"
"train/10809.png","train/10809_GT.png","0"
"train/10810.png","train/10810_GT.png","0"
"train/10811.png","train/10811_GT.png","0"
"train/10812.png","train/10812_GT.png","0"
"train/10813.png","train/10813_GT.png","0"
"train/10814.png","train/10814_GT.png","0"
"train/10815.png","train/10815_GT.png","0"
"train/10816.png","train/10816_GT.png","0"
"train/10817.png","train/10817_GT.png","0"
"train/10818.png","train/10818_GT.png","0"
"train/10819.png","train/10819_GT.png","0"
"train/10821.png","train/10821_GT.png","1"
"train/10822.png","train/10822_GT.png","0"
"train/10825.png","train/10825_GT.png","0"
"train/10826.png","train/10826_GT.png","0"
"train/10828.png","train/10828_GT.png","0"
"train/10829.png","train/10829_GT.png","0"
"train/10830.png","train/10830_GT.png","0"
"train/10831.png","train/10831_GT.png","0"
"train/10832.png","train/10832_GT.png","0"
"train/10833.png","train/10833_GT.png","0"
"train/10834.png","train/10834_GT.png","0"
"train/10836.png","train/10836_GT.png","0"
"train/10838.png","train/10838_GT.png","0"
"train/10839.png","train/10839_GT.png","0"
"train/10840.png","train/10840_GT.png","0"
"train/10841.png","train/10841_GT.png","0"
"train/10844.png","train/10844_GT.png","1"
"train/10845.png","train/10845_GT.png","1"
"train/10846.png","train/10846_GT.png","1"
"train/10847.png","train/10847_GT.png","0"
"train/10848.png","train/10848_GT.png","0"
"train/10849.png","train/10849_GT.png","1"
"train/10852.png","train/10852_GT.png","0"
"train/10853.png","train/10853_GT.png","0"
"train/10855.png","train/10855_GT.png","0"
"train/10859.png","train/10859_GT.png","0"
"train/10860.png","train/10860_GT.png","0"
"train/10861.png","train/10861_GT.png","0"
"train/10862.png","train/10862_GT.png","0"
"train/10863.png","train/10863_GT.png","0"
"train/10865.png","train/10865_GT.png","0"
"train/10869.png","train/10869_GT.png","1"
"train/10872.png","train/10872_GT.png","0"
"train/10873.png","train/10873_GT.png","0"
"train/10874.png","train/10874_GT.png","1"
"train/10875.png","train/10875_GT.png","0"
"train/10876.png","train/10876_GT.png","0"
"train/10877.png","train/10877_GT.png","0"
"train/10878.png","train/10878_GT.png","0"
"train/10880.png","train/10880_GT.png","0"
"train/10882.png","train/10882_GT.png","0"
"train/10883.png","train/10883_GT.png","0"
"train/10885.png","train/10885_GT.png","0"
"train/10886.png","train/10886_GT.png","0"
"train/10887.png","train/10887_GT.png","0"
"train/10890.png","train/10890_GT.png","0"
"train/10891.png","train/10891_GT.png","0"
"train/10893.png","train/10893_GT.png","1"
"train/10894.png","train/10894_GT.png","0"
"train/10895.png","train/10895_GT.png","0"
"train/10896.png","train/10896_GT.png","0"
"train/10897.png","train/10897_GT.png","0"
"train/10898.png","train/10898_GT.png","0"
"train/10899.png","train/10899_GT.png","0"
"train/10901.png","train/10901_GT.png","0"
"train/10903.png","train/10903_GT.png","0"
"train/10904.png","train/10904_GT.png","0"
"train/10905.png","train/10905_GT.png","1"
"train/10907.png","train/10907_GT.png","1"
"train/10908.png","train/10908_GT.png","0"
"train/10909.png","train/10909_GT.png","0"
"train/10910.png","train/10910_GT.png","0"
"train/10911.png","train/10911_GT.png","0"
"train/10913.png","train/10913_GT.png","0"
"train/10914.png","train/10914_GT.png","0"
"train/10915.png","train/10915_GT.png","0"
"train/10916.png","train/10916_GT.png","0"
"train/10917.png","train/10917_GT.png","0"
"train/10918.png","train/10918_GT.png","0"
"train/10919.png","train/10919_GT.png","0"
"train/10920.png","train/10920_GT.png","0"
"train/10921.png","train/10921_GT.png","0"
"train/10923.png","train/10923_GT.png","0"
"train/10924.png","train/10924_GT.png","0"
"train/10925.png","train/10925_GT.png","0"
"train/10927.png","train/10927_GT.png","0"
"train/10928.png","train/10928_GT.png","0"
"train/10929.png","train/10929_GT.png","0"
"train/10931.png","train/10931_GT.png","0"
"train/10933.png","train/10933_GT.png","0"
"train/10934.png","train/10934_GT.png","0"
"train/10935.png","train/10935_GT.png","0"
"train/10936.png","train/10936_GT.png","0"
"train/10937.png","train/10937_GT.png","0"
"train/10938.png","train/10938_GT.png","0"
"train/10939.png","train/10939_GT.png","0"
"train/10940.png","train/10940_GT.png","0"
"train/10941.png","train/10941_GT.png","0"
"train/10943.png","train/10943_GT.png","0"
"train/10944.png","train/10944_GT.png","0"
"train/10945.png","train/10945_GT.png","0"
"train/10946.png","train/10946_GT.png","0"
"train/10947.png","train/10947_GT.png","0"
"train/10951.png","train/10951_GT.png","1"
"train/10952.png","train/10952_GT.png","1"
"train/10953.png","train/10953_GT.png","0"
"train/10954.png","train/10954_GT.png","0"
"train/10955.png","train/10955_GT.png","0"
"train/10956.png","train/10956_GT.png","0"
"train/10957.png","train/10957_GT.png","0"
"train/10958.png","train/10958_GT.png","0"
"train/10959.png","train/10959_GT.png","0"
"train/10960.png","train/10960_GT.png","0"
"train/10962.png","train/10962_GT.png","0"
"train/10963.png","train/10963_GT.png","0"
"train/10965.png","train/10965_GT.png","0"
"train/10966.png","train/10966_GT.png","0"
"train/10968.png","train/10968_GT.png","0"
"train/10969.png","train/10969_GT.png","0"
"train/10970.png","train/10970_GT.png","0"
"train/10971.png","train/10971_GT.png","0"
"train/10972.png","train/10972_GT.png","0"
"train/10974.png","train/10974_GT.png","0"
"train/10975.png","train/10975_GT.png","0"
"train/10976.png","train/10976_GT.png","0"
"train/10977.png","train/10977_GT.png","0"
"train/10978.png","train/10978_GT.png","0"
"train/10979.png","train/10979_GT.png","0"
"train/10980.png","train/10980_GT.png","0"
"train/10981.png","train/10981_GT.png","0"
"train/10982.png","train/10982_GT.png","0"
"train/10983.png","train/10983_GT.png","0"
"train/10984.png","train/10984_GT.png","0"
"train/10985.png","train/10985_GT.png","0"
"train/10986.png","train/10986_GT.png","0"
"train/10987.png","train/10987_GT.png","0"
"train/10988.png","train/10988_GT.png","0"
"train/10989.png","train/10989_GT.png","0"
"train/10990.png","train/10990_GT.png","0"
"train/10991.png","train/10991_GT.png","0"
"train/10992.png","train/10992_GT.png","0"
"train/10994.png","train/10994_GT.png","0"
"train/10995.png","train/10995_GT.png","0"
"train/10996.png","train/10996_GT.png","0"
"train/10997.png","train/10997_GT.png","0"
"train/10998.png","train/10998_GT.png","0"
"train/11000.png","train/11000_GT.png","0"
"train/11001.png","train/11001_GT.png","0"
"train/11003.png","train/11003_GT.png","1"
"train/11004.png","train/11004_GT.png","0"
"train/11005.png","train/11005_GT.png","0"
"train/11006.png","train/11006_GT.png","0"
"train/11007.png","train/11007_GT.png","0"
"train/11008.png","train/11008_GT.png","0"
"train/11009.png","train/11009_GT.png","0"
"train/11011.png","train/11011_GT.png","0"
"train/11013.png","train/11013_GT.png","0"
"train/11014.png","train/11014_GT.png","0"
"train/11015.png","train/11015_GT.png","0"
"train/11016.png","train/11016_GT.png","0"
"train/11018.png","train/11018_GT.png","0"
"train/11021.png","train/11021_GT.png","0"
"train/11022.png","train/11022_GT.png","0"
"train/11024.png","train/11024_GT.png","0"
"train/11025.png","train/11025_GT.png","1"
"train/11026.png","train/11026_GT.png","0"
"train/11027.png","train/11027_GT.png","0"
"train/11028.png","train/11028_GT.png","0"
"train/11029.png","train/11029_GT.png","0"
"train/11030.png","train/11030_GT.png","0"
"train/11031.png","train/11031_GT.png","0"
"train/11032.png","train/11032_GT.png","0"
"train/11033.png","train/11033_GT.png","0"
"train/11034.png","train/11034_GT.png","0"
"train/11035.png","train/11035_GT.png","0"
"train/11036.png","train/11036_GT.png","0"
"train/11037.png","train/11037_GT.png","0"
"train/11038.png","train/11038_GT.png","0"
"train/11040.png","train/11040_GT.png","1"
"train/11041.png","train/11041_GT.png","0"
"train/11042.png","train/11042_GT.png","0"
"train/11043.png","train/11043_GT.png","0"
"train/11044.png","train/11044_GT.png","0"
"train/11045.png","train/11045_GT.png","0"
"train/11046.png","train/11046_GT.png","0"
"train/11047.png","train/11047_GT.png","0"
"train/11048.png","train/11048_GT.png","0"
"train/11049.png","train/11049_GT.png","0"
"train/11050.png","train/11050_GT.png","0"
"train/11051.png","train/11051_GT.png","0"
"train/11052.png","train/11052_GT.png","1"
"train/11053.png","train/11053_GT.png","0"
"train/11054.png","train/11054_GT.png","0"
"train/11056.png","train/11056_GT.png","0"
"train/11057.png","train/11057_GT.png","0"
"train/11058.png","train/11058_GT.png","0"
"train/11059.png","train/11059_GT.png","0"
"train/11060.png","train/11060_GT.png","0"
"train/11061.png","train/11061_GT.png","1"
"train/11062.png","train/11062_GT.png","0"
"train/11063.png","train/11063_GT.png","0"
"train/11064.png","train/11064_GT.png","0"
"train/11065.png","train/11065_GT.png","0"
"train/11066.png","train/11066_GT.png","0"
"train/11067.png","train/11067_GT.png","0"
"train/11068.png","train/11068_GT.png","0"
"train/11069.png","train/11069_GT.png","0"
"train/11070.png","train/11070_GT.png","0"
"train/11071.png","train/11071_GT.png","0"
"train/11073.png","train/11073_GT.png","0"
"train/11074.png","train/11074_GT.png","1"
"train/11075.png","train/11075_GT.png","0"
"train/11076.png","train/11076_GT.png","0"
"train/11078.png","train/11078_GT.png","0"
"train/11080.png","train/11080_GT.png","0"
"train/11081.png","train/11081_GT.png","0"
"train/11082.png","train/11082_GT.png","0"
"train/11083.png","train/11083_GT.png","0"
"train/11085.png","train/11085_GT.png","0"
"train/11086.png","train/11086_GT.png","0"
"train/11087.png","train/11087_GT.png","0"
"train/11088.png","train/11088_GT.png","1"
"train/11089.png","train/11089_GT.png","0"
"train/11090.png","train/11090_GT.png","0"
"train/11091.png","train/11091_GT.png","0"
"train/11092.png","train/11092_GT.png","0"
"train/11093.png","train/11093_GT.png","1"
"train/11094.png","train/11094_GT.png","1"
"train/11095.png","train/11095_GT.png","0"
"train/11096.png","train/11096_GT.png","0"
"train/11097.png","train/11097_GT.png","0"
"train/11100.png","train/11100_GT.png","0"
"train/11101.png","train/11101_GT.png","1"
"train/11102.png","train/11102_GT.png","0"
"train/11105.png","train/11105_GT.png","0"
"train/11107.png","train/11107_GT.png","0"
"train/11108.png","train/11108_GT.png","0"
"train/11109.png","train/11109_GT.png","0"
"train/11110.png","train/11110_GT.png","0"
"train/11111.png","train/11111_GT.png","0"
"train/11112.png","train/11112_GT.png","0"
"train/11113.png","train/11113_GT.png","0"
"train/11114.png","train/11114_GT.png","0"
"train/11115.png","train/11115_GT.png","0"
"train/11116.png","train/11116_GT.png","0"
"train/11117.png","train/11117_GT.png","0"
"train/11118.png","train/11118_GT.png","0"
"train/11119.png","train/11119_GT.png","0"
"train/11120.png","train/11120_GT.png","0"
"train/11122.png","train/11122_GT.png","0"
"train/11123.png","train/11123_GT.png","0"
"train/11124.png","train/11124_GT.png","0"
"train/11126.png","train/11126_GT.png","0"
"train/11127.png","train/11127_GT.png","0"
"train/11128.png","train/11128_GT.png","0"
"train/11129.png","train/11129_GT.png","0"
"train/11130.png","train/11130_GT.png","0"
"train/11131.png","train/11131_GT.png","0"
"train/11134.png","train/11134_GT.png","0"
"train/11136.png","train/11136_GT.png","0"
"train/11138.png","train/11138_GT.png","0"
"train/11139.png","train/11139_GT.png","1"
"train/11140.png","train/11140_GT.png","0"
"train/11141.png","train/11141_GT.png","0"
"train/11143.png","train/11143_GT.png","0"
"train/11144.png","train/11144_GT.png","0"
"train/11145.png","train/11145_GT.png","0"
"train/11148.png","train/11148_GT.png","0"
"train/11150.png","train/11150_GT.png","0"
"train/11151.png","train/11151_GT.png","0"
"train/11152.png","train/11152_GT.png","0"
"train/11153.png","train/11153_GT.png","0"
"train/11154.png","train/11154_GT.png","0"
"train/11155.png","train/11155_GT.png","0"
"train/11156.png","train/11156_GT.png","0"
"train/11157.png","train/11157_GT.png","0"
"train/11158.png","train/11158_GT.png","0"
"train/11159.png","train/11159_GT.png","0"
"train/11161.png","train/11161_GT.png","0"
"train/11162.png","train/11162_GT.png","0"
"train/11165.png","train/11165_GT.png","0"
"train/11166.png","train/11166_GT.png","0"
"train/11167.png","train/11167_GT.png","0"
"train/11172.png","train/11172_GT.png","0"
"train/11175.png","train/11175_GT.png","0"
"train/11179.png","train/11179_GT.png","0"
"train/11180.png","train/11180_GT.png","0"
"train/11181.png","train/11181_GT.png","0"
"train/11182.png","train/11182_GT.png","0"
"train/11185.png","train/11185_GT.png","0"
"train/11188.png","train/11188_GT.png","0"
"train/11189.png","train/11189_GT.png","0"
"train/11190.png","train/11190_GT.png","1"
"train/11191.png","train/11191_GT.png","0"
"train/11192.png","train/11192_GT.png","0"
"train/11193.png","train/11193_GT.png","0"
"train/11194.png","train/11194_GT.png","0"
"train/11195.png","train/11195_GT.png","1"
"train/11198.png","train/11198_GT.png","0"
"train/11200.png","train/11200_GT.png","0"
"train/11201.png","train/11201_GT.png","0"
"train/11202.png","train/11202_GT.png","0"
"train/11204.png","train/11204_GT.png","0"
"train/11205.png","train/11205_GT.png","0"
"train/11207.png","train/11207_GT.png","0"
"train/11208.png","train/11208_GT.png","0"
"train/11210.png","train/11210_GT.png","0"
"train/11211.png","train/11211_GT.png","0"
"train/11212.png","train/11212_GT.png","0"
"train/11213.png","train/11213_GT.png","0"
"train/11214.png","train/11214_GT.png","1"
"train/11215.png","train/11215_GT.png","0"
"train/11216.png","train/11216_GT.png","0"
"train/11217.png","train/11217_GT.png","0"
"train/11218.png","train/11218_GT.png","0"
"train/11219.png","train/11219_GT.png","0"
"train/11220.png","train/11220_GT.png","0"
"train/11222.png","train/11222_GT.png","0"
"train/11223.png","train/11223_GT.png","0"
"train/11224.png","train/11224_GT.png","0"
"train/11225.png","train/11225_GT.png","0"
"train/11226.png","train/11226_GT.png","0"
"train/11227.png","train/11227_GT.png","0"
"train/11228.png","train/11228_GT.png","1"
"train/11229.png","train/11229_GT.png","0"
"train/11231.png","train/11231_GT.png","0"
"train/11233.png","train/11233_GT.png","0"
"train/11234.png","train/11234_GT.png","0"
"train/11235.png","train/11235_GT.png","0"
"train/11237.png","train/11237_GT.png","0"
"train/11238.png","train/11238_GT.png","0"
"train/11239.png","train/11239_GT.png","0"
"train/11240.png","train/11240_GT.png","0"
"train/11241.png","train/11241_GT.png","0"
"train/11242.png","train/11242_GT.png","1"
"train/11243.png","train/11243_GT.png","0"
"train/11244.png","train/11244_GT.png","0"
"train/11245.png","train/11245_GT.png","0"
"train/11246.png","train/11246_GT.png","0"
"train/11247.png","train/11247_GT.png","0"
"train/11248.png","train/11248_GT.png","0"
"train/11249.png","train/11249_GT.png","0"
"train/11250.png","train/11250_GT.png","1"
"train/11251.png","train/11251_GT.png","0"
"train/11252.png","train/11252_GT.png","0"
"train/11254.png","train/11254_GT.png","0"
"train/11255.png","train/11255_GT.png","0"
"train/11256.png","train/11256_GT.png","0"
"train/11257.png","train/11257_GT.png","0"
"train/11259.png","train/11259_GT.png","0"
"train/11260.png","train/11260_GT.png","0"
"train/11261.png","train/11261_GT.png","0"
"train/11263.png","train/11263_GT.png","0"
"train/11264.png","train/11264_GT.png","0"
"train/11265.png","train/11265_GT.png","0"
"train/11266.png","train/11266_GT.png","0"
"train/11267.png","train/11267_GT.png","0"
"train/11268.png","train/11268_GT.png","0"
"train/11269.png","train/11269_GT.png","1"
"train/11270.png","train/11270_GT.png","0"
"train/11271.png","train/11271_GT.png","0"
"train/11272.png","train/11272_GT.png","0"
"train/11275.png","train/11275_GT.png","0"
"train/11277.png","train/11277_GT.png","0"
"train/11278.png","train/11278_GT.png","0"
"train/11279.png","train/11279_GT.png","0"
"train/11280.png","train/11280_GT.png","0"
"train/11281.png","train/11281_GT.png","0"
"train/11282.png","train/11282_GT.png","1"
"train/11283.png","train/11283_GT.png","0"
"train/11284.png","train/11284_GT.png","0"
"train/11285.png","train/11285_GT.png","0"
"train/11287.png","train/11287_GT.png","0"
"train/11289.png","train/11289_GT.png","0"
"train/11290.png","train/11290_GT.png","0"
"train/11291.png","train/11291_GT.png","0"
"train/11292.png","train/11292_GT.png","0"
"train/11293.png","train/11293_GT.png","0"
"train/11296.png","train/11296_GT.png","0"
"train/11297.png","train/11297_GT.png","0"
"train/11298.png","train/11298_GT.png","0"
"train/11299.png","train/11299_GT.png","1"
"train/11300.png","train/11300_GT.png","0"
"train/11301.png","train/11301_GT.png","0"
"train/11302.png","train/11302_GT.png","0"
"train/11304.png","train/11304_GT.png","0"
"train/11305.png","train/11305_GT.png","0"
"train/11308.png","train/11308_GT.png","0"
"train/11311.png","train/11311_GT.png","0"
"train/11312.png","train/11312_GT.png","0"
"train/11313.png","train/11313_GT.png","0"
"train/11316.png","train/11316_GT.png","0"
"train/11318.png","train/11318_GT.png","0"
"train/11319.png","train/11319_GT.png","0"
"train/11320.png","train/11320_GT.png","0"
"train/11321.png","train/11321_GT.png","0"
"train/11323.png","train/11323_GT.png","0"
"train/11324.png","train/11324_GT.png","0"
"train/11325.png","train/11325_GT.png","0"
"train/11326.png","train/11326_GT.png","0"
"train/11328.png","train/11328_GT.png","0"
"train/11329.png","train/11329_GT.png","0"
"train/11330.png","train/11330_GT.png","0"
"train/11331.png","train/11331_GT.png","0"
"train/11332.png","train/11332_GT.png","0"
"train/11334.png","train/11334_GT.png","0"
"train/11336.png","train/11336_GT.png","0"
"train/11337.png","train/11337_GT.png","0"
"train/11338.png","train/11338_GT.png","0"
"train/11340.png","train/11340_GT.png","0"
"train/11341.png","train/11341_GT.png","0"
"train/11343.png","train/11343_GT.png","0"
"train/11344.png","train/11344_GT.png","0"
"train/11345.png","train/11345_GT.png","0"
"train/11346.png","train/11346_GT.png","0"
"train/11347.png","train/11347_GT.png","0"
"train/11348.png","train/11348_GT.png","0"
"train/11349.png","train/11349_GT.png","0"
"train/11350.png","train/11350_GT.png","1"
"train/11351.png","train/11351_GT.png","1"
"train/11354.png","train/11354_GT.png","0"
"train/11355.png","train/11355_GT.png","0"
"train/11356.png","train/11356_GT.png","0"
"train/11357.png","train/11357_GT.png","0"
"train/11358.png","train/11358_GT.png","0"
"train/11360.png","train/11360_GT.png","1"
"train/11361.png","train/11361_GT.png","0"
"train/11363.png","train/11363_GT.png","1"
"train/11364.png","train/11364_GT.png","1"
"train/11365.png","train/11365_GT.png","0"
"train/11366.png","train/11366_GT.png","0"
"train/11367.png","train/11367_GT.png","0"
"train/11368.png","train/11368_GT.png","0"
"train/11369.png","train/11369_GT.png","0"
"train/11370.png","train/11370_GT.png","0"
"train/11374.png","train/11374_GT.png","0"
"train/11375.png","train/11375_GT.png","0"
"train/11376.png","train/11376_GT.png","0"
"train/11377.png","train/11377_GT.png","0"
"train/11378.png","train/11378_GT.png","0"
"train/11380.png","train/11380_GT.png","0"
"train/11381.png","train/11381_GT.png","0"
"train/11382.png","train/11382_GT.png","0"
"train/11383.png","train/11383_GT.png","0"
"train/11385.png","train/11385_GT.png","0"
"train/11386.png","train/11386_GT.png","1"
"train/11387.png","train/11387_GT.png","0"
"train/11388.png","train/11388_GT.png","1"
"train/11389.png","train/11389_GT.png","0"
"train/11391.png","train/11391_GT.png","0"
"train/11393.png","train/11393_GT.png","0"
"train/11394.png","train/11394_GT.png","0"
"train/11395.png","train/11395_GT.png","0"
"train/11396.png","train/11396_GT.png","0"
"train/11397.png","train/11397_GT.png","0"
"train/11398.png","train/11398_GT.png","1"
"train/11400.png","train/11400_GT.png","0"
"train/11401.png","train/11401_GT.png","0"
"train/11403.png","train/11403_GT.png","0"
"train/11404.png","train/11404_GT.png","1"
"train/11405.png","train/11405_GT.png","0"
"train/11406.png","train/11406_GT.png","0"
"train/11409.png","train/11409_GT.png","0"
"train/11410.png","train/11410_GT.png","0"
"train/11411.png","train/11411_GT.png","0"
"train/11412.png","train/11412_GT.png","0"
"train/11413.png","train/11413_GT.png","0"
"train/11415.png","train/11415_GT.png","0"
"train/11416.png","train/11416_GT.png","0"
"train/11418.png","train/11418_GT.png","0"
"train/11419.png","train/11419_GT.png","0"
"train/11421.png","train/11421_GT.png","0"
"train/11422.png","train/11422_GT.png","0"
"train/11423.png","train/11423_GT.png","0"
"train/11424.png","train/11424_GT.png","0"
"train/11425.png","train/11425_GT.png","0"
"train/11427.png","train/11427_GT.png","0"
"train/11428.png","train/11428_GT.png","0"
"train/11429.png","train/11429_GT.png","0"
"train/11430.png","train/11430_GT.png","1"
"train/11431.png","train/11431_GT.png","0"
"train/11432.png","train/11432_GT.png","1"
"train/11433.png","train/11433_GT.png","0"
"train/11434.png","train/11434_GT.png","0"
"train/11436.png","train/11436_GT.png","0"
"train/11439.png","train/11439_GT.png","0"
"train/11440.png","train/11440_GT.png","0"
"train/11441.png","train/11441_GT.png","0"
"train/11442.png","train/11442_GT.png","0"
"train/11443.png","train/11443_GT.png","0"
"train/11444.png","train/11444_GT.png","1"
"train/11445.png","train/11445_GT.png","0"
"train/11446.png","train/11446_GT.png","0"
"train/11448.png","train/11448_GT.png","0"
"train/11449.png","train/11449_GT.png","0"
"train/11450.png","train/11450_GT.png","0"
"train/11451.png","train/11451_GT.png","0"
"train/11452.png","train/11452_GT.png","0"
"train/11453.png","train/11453_GT.png","0"
"train/11454.png","train/11454_GT.png","0"
"train/11455.png","train/11455_GT.png","0"
"train/11457.png","train/11457_GT.png","0"
"train/11459.png","train/11459_GT.png","0"
"train/11460.png","train/11460_GT.png","0"
"train/11461.png","train/11461_GT.png","0"
"train/11462.png","train/11462_GT.png","0"
"train/11463.png","train/11463_GT.png","0"
"train/11464.png","train/11464_GT.png","0"
"train/11465.png","train/11465_GT.png","0"
"train/11466.png","train/11466_GT.png","0"
"train/11467.png","train/11467_GT.png","0"
"train/11468.png","train/11468_GT.png","0"
"train/11469.png","train/11469_GT.png","0"
"train/11471.png","train/11471_GT.png","0"
"train/11472.png","train/11472_GT.png","0"
"train/11473.png","train/11473_GT.png","0"
"train/11474.png","train/11474_GT.png","0"
"train/11477.png","train/11477_GT.png","1"
"train/11478.png","train/11478_GT.png","0"
"train/11479.png","train/11479_GT.png","0"
"train/11480.png","train/11480_GT.png","0"
"train/11482.png","train/11482_GT.png","1"
"train/11483.png","train/11483_GT.png","0"
"train/11484.png","train/11484_GT.png","0"
"train/11486.png","train/11486_GT.png","0"
"train/11487.png","train/11487_GT.png","0"
"train/11488.png","train/11488_GT.png","0"
"train/11489.png","train/11489_GT.png","0"
"train/11490.png","train/11490_GT.png","0"
"train/11491.png","train/11491_GT.png","0"
"train/11492.png","train/11492_GT.png","0"
"train/11493.png","train/11493_GT.png","0"
"train/11495.png","train/11495_GT.png","0"
"train/11496.png","train/11496_GT.png","0"
"train/11499.png","train/11499_GT.png","0"
"train/11500.png","train/11500_GT.png","1"
"train/11501.png","train/11501_GT.png","0"
"train/11502.png","train/11502_GT.png","0"
"train/11503.png","train/11503_GT.png","0"
"train/11504.png","train/11504_GT.png","0"
"train/11505.png","train/11505_GT.png","0"
"train/11506.png","train/11506_GT.png","1"
"train/11508.png","train/11508_GT.png","0"
"train/11509.png","train/11509_GT.png","0"
"train/11510.png","train/11510_GT.png","0"
"train/11511.png","train/11511_GT.png","0"
"train/11512.png","train/11512_GT.png","1"
"train/11513.png","train/11513_GT.png","0"
"train/11514.png","train/11514_GT.png","0"
"train/11515.png","train/11515_GT.png","0"
"train/11516.png","train/11516_GT.png","0"
"train/11517.png","train/11517_GT.png","0"
"train/11518.png","train/11518_GT.png","0"
"train/11519.png","train/11519_GT.png","0"
"train/11520.png","train/11520_GT.png","0"
"train/11521.png","train/11521_GT.png","0"
"train/11522.png","train/11522_GT.png","0"
"train/11523.png","train/11523_GT.png","0"
"train/11525.png","train/11525_GT.png","0"
"train/11526.png","train/11526_GT.png","0"
"train/11527.png","train/11527_GT.png","0"
"train/11528.png","train/11528_GT.png","0"
"train/11529.png","train/11529_GT.png","0"
"train/11530.png","train/11530_GT.png","0"
"train/11531.png","train/11531_GT.png","0"
"train/11532.png","train/11532_GT.png","0"
"train/11533.png","train/11533_GT.png","0"
"train/11534.png","train/11534_GT.png","0"
"train/11535.png","train/11535_GT.png","0"
"train/11536.png","train/11536_GT.png","0"
"train/11537.png","train/11537_GT.png","0"
"train/11538.png","train/11538_GT.png","0"
"train/11539.png","train/11539_GT.png","0"
"train/11540.png","train/11540_GT.png","0"
"train/11541.png","train/11541_GT.png","0"
"train/11542.png","train/11542_GT.png","0"
"train/11543.png","train/11543_GT.png","1"
"train/11544.png","train/11544_GT.png","0"
"train/11545.png","train/11545_GT.png","0"
"train/11546.png","train/11546_GT.png","0"
"train/11547.png","train/11547_GT.png","0"
"train/11548.png","train/11548_GT.png","0"
"train/11549.png","train/11549_GT.png","1"
"train/11550.png","train/11550_GT.png","0"
"train/11551.png","train/11551_GT.png","0"
"train/11552.png","train/11552_GT.png","0"
"train/11553.png","train/11553_GT.png","1"
"train/11555.png","train/11555_GT.png","0"
"train/11556.png","train/11556_GT.png","0"
"train/11558.png","train/11558_GT.png","0"
"train/11559.png","train/11559_GT.png","0"
"train/11560.png","train/11560_GT.png","0"
"train/11561.png","train/11561_GT.png","0"
"train/11563.png","train/11563_GT.png","0"
"train/11564.png","train/11564_GT.png","0"
"train/11565.png","train/11565_GT.png","0"
"train/11566.png","train/11566_GT.png","0"
"train/11567.png","train/11567_GT.png","0"
"train/11568.png","train/11568_GT.png","1"
"train/11569.png","train/11569_GT.png","0"
"train/11571.png","train/11571_GT.png","0"
"train/11572.png","train/11572_GT.png","0"
"train/11574.png","train/11574_GT.png","1"
"train/11577.png","train/11577_GT.png","0"
"train/11578.png","train/11578_GT.png","0"
"train/11579.png","train/11579_GT.png","0"
"train/11580.png","train/11580_GT.png","0"
"train/11582.png","train/11582_GT.png","0"
"train/11583.png","train/11583_GT.png","0"
"train/11584.png","train/11584_GT.png","1"
"train/11585.png","train/11585_GT.png","1"
"train/11586.png","train/11586_GT.png","0"
"train/11587.png","train/11587_GT.png","0"
"train/11588.png","train/11588_GT.png","0"
"train/11589.png","train/11589_GT.png","0"
"train/11590.png","train/11590_GT.png","1"
"train/11591.png","train/11591_GT.png","0"
"train/11592.png","train/11592_GT.png","0"
"train/11595.png","train/11595_GT.png","0"
"train/11596.png","train/11596_GT.png","0"
"train/11597.png","train/11597_GT.png","0"
"train/11598.png","train/11598_GT.png","0"
"train/11599.png","train/11599_GT.png","0"
"train/11601.png","train/11601_GT.png","1"
"train/11602.png","train/11602_GT.png","0"
"train/11603.png","train/11603_GT.png","0"
"train/11605.png","train/11605_GT.png","0"
"train/11606.png","train/11606_GT.png","0"
"train/11607.png","train/11607_GT.png","0"
"train/11608.png","train/11608_GT.png","0"
"train/11609.png","train/11609_GT.png","0"
"train/11610.png","train/11610_GT.png","0"
"train/11611.png","train/11611_GT.png","0"
"train/11612.png","train/11612_GT.png","1"
"train/11614.png","train/11614_GT.png","0"
"train/11615.png","train/11615_GT.png","0"
"train/11616.png","train/11616_GT.png","1"
"train/11617.png","train/11617_GT.png","0"
"train/11619.png","train/11619_GT.png","0"
"train/11621.png","train/11621_GT.png","0"
"train/11624.png","train/11624_GT.png","0"
"train/11625.png","train/11625_GT.png","0"
"train/11628.png","train/11628_GT.png","0"
"train/11629.png","train/11629_GT.png","1"
"train/11630.png","train/11630_GT.png","0"
"train/11631.png","train/11631_GT.png","0"
"train/11632.png","train/11632_GT.png","1"
"train/11633.png","train/11633_GT.png","0"
"train/11634.png","train/11634_GT.png","0"
"train/11635.png","train/11635_GT.png","0"
"train/11636.png","train/11636_GT.png","0"
"train/11638.png","train/11638_GT.png","0"
"train/11639.png","train/11639_GT.png","0"
"train/11640.png","train/11640_GT.png","0"
"train/11641.png","train/11641_GT.png","1"
"train/11642.png","train/11642_GT.png","1"
"train/11643.png","train/11643_GT.png","1"
"train/11644.png","train/11644_GT.png","0"
"train/11645.png","train/11645_GT.png","0"
"train/11646.png","train/11646_GT.png","0"
"train/11647.png","train/11647_GT.png","0"
"train/11648.png","train/11648_GT.png","0"
"train/11649.png","train/11649_GT.png","0"
"train/11651.png","train/11651_GT.png","0"
"train/11653.png","train/11653_GT.png","0"
"train/11654.png","train/11654_GT.png","0"
"train/11655.png","train/11655_GT.png","0"
"train/11657.png","train/11657_GT.png","0"
"train/11658.png","train/11658_GT.png","1"
"train/11662.png","train/11662_GT.png","1"
"train/11663.png","train/11663_GT.png","0"
"train/11664.png","train/11664_GT.png","0"
"train/11666.png","train/11666_GT.png","0"
"train/11667.png","train/11667_GT.png","0"
"train/11668.png","train/11668_GT.png","0"
"train/11669.png","train/11669_GT.png","1"
"train/11670.png","train/11670_GT.png","1"
"train/11671.png","train/11671_GT.png","0"
"train/11672.png","train/11672_GT.png","0"
"train/11673.png","train/11673_GT.png","0"
"train/11674.png","train/11674_GT.png","0"
"train/11675.png","train/11675_GT.png","0"
"train/11677.png","train/11677_GT.png","0"
"train/11679.png","train/11679_GT.png","0"
"train/11680.png","train/11680_GT.png","0"
"train/11681.png","train/11681_GT.png","0"
"train/11682.png","train/11682_GT.png","0"
"train/11683.png","train/11683_GT.png","0"
"train/11684.png","train/11684_GT.png","0"
"train/11685.png","train/11685_GT.png","0"
"train/11687.png","train/11687_GT.png","0"
"train/11688.png","train/11688_GT.png","0"
"train/11690.png","train/11690_GT.png","0"
"train/11691.png","train/11691_GT.png","0"
"train/11692.png","train/11692_GT.png","0"
"train/11694.png","train/11694_GT.png","0"
"train/11695.png","train/11695_GT.png","1"
"train/11696.png","train/11696_GT.png","0"
"train/11697.png","train/11697_GT.png","0"
"train/11698.png","train/11698_GT.png","0"
"train/11699.png","train/11699_GT.png","0"
"train/11701.png","train/11701_GT.png","0"
"train/11702.png","train/11702_GT.png","0"
"train/11703.png","train/11703_GT.png","0"
"train/11704.png","train/11704_GT.png","0"
"train/11706.png","train/11706_GT.png","0"
"train/11707.png","train/11707_GT.png","0"
"train/11709.png","train/11709_GT.png","0"
"train/11710.png","train/11710_GT.png","0"
"train/11712.png","train/11712_GT.png","0"
"train/11713.png","train/11713_GT.png","1"
"train/11714.png","train/11714_GT.png","0"
"train/11715.png","train/11715_GT.png","0"
"train/11716.png","train/11716_GT.png","0"
"train/11717.png","train/11717_GT.png","0"
"train/11718.png","train/11718_GT.png","0"
"train/11719.png","train/11719_GT.png","0"
"train/11720.png","train/11720_GT.png","0"
"train/11721.png","train/11721_GT.png","0"
"train/11722.png","train/11722_GT.png","0"
"train/11723.png","train/11723_GT.png","0"
"train/11724.png","train/11724_GT.png","0"
"train/11725.png","train/11725_GT.png","0"
"train/11726.png","train/11726_GT.png","0"
"train/11727.png","train/11727_GT.png","0"
"train/11728.png","train/11728_GT.png","0"
"train/11730.png","train/11730_GT.png","0"
"train/11731.png","train/11731_GT.png","0"
"train/11732.png","train/11732_GT.png","0"
"train/11733.png","train/11733_GT.png","0"
"train/11734.png","train/11734_GT.png","0"
"train/11735.png","train/11735_GT.png","0"
"train/11736.png","train/11736_GT.png","0"
"train/11737.png","train/11737_GT.png","0"
"train/11738.png","train/11738_GT.png","0"
"train/11739.png","train/11739_GT.png","1"
"train/11740.png","train/11740_GT.png","0"
"train/11741.png","train/11741_GT.png","0"
"train/11742.png","train/11742_GT.png","0"
"train/11744.png","train/11744_GT.png","0"
"train/11745.png","train/11745_GT.png","0"
"train/11746.png","train/11746_GT.png","1"
"train/11748.png","train/11748_GT.png","0"
"train/11749.png","train/11749_GT.png","0"
"train/11751.png","train/11751_GT.png","0"
"train/11752.png","train/11752_GT.png","0"
"train/11753.png","train/11753_GT.png","0"
"train/11755.png","train/11755_GT.png","1"
"train/11757.png","train/11757_GT.png","0"
"train/11758.png","train/11758_GT.png","0"
"train/11760.png","train/11760_GT.png","0"
"train/11761.png","train/11761_GT.png","0"
"train/11762.png","train/11762_GT.png","0"
"train/11763.png","train/11763_GT.png","0"
"train/11764.png","train/11764_GT.png","0"
"train/11765.png","train/11765_GT.png","0"
"train/11766.png","train/11766_GT.png","0"
"train/11767.png","train/11767_GT.png","0"
"train/11768.png","train/11768_GT.png","0"
"train/11771.png","train/11771_GT.png","0"
"train/11772.png","train/11772_GT.png","0"
"train/11774.png","train/11774_GT.png","0"
"train/11775.png","train/11775_GT.png","1"
"train/11776.png","train/11776_GT.png","0"
"train/11777.png","train/11777_GT.png","0"
"train/11780.png","train/11780_GT.png","0"
"train/11782.png","train/11782_GT.png","0"
"train/11785.png","train/11785_GT.png","0"
"train/11786.png","train/11786_GT.png","0"
"train/11787.png","train/11787_GT.png","0"
"train/11788.png","train/11788_GT.png","0"
"train/11789.png","train/11789_GT.png","0"
"train/11790.png","train/11790_GT.png","0"
"train/11791.png","train/11791_GT.png","0"
"train/11792.png","train/11792_GT.png","0"
"train/11793.png","train/11793_GT.png","0"
"train/11794.png","train/11794_GT.png","0"
"train/11795.png","train/11795_GT.png","0"
"train/11796.png","train/11796_GT.png","0"
"train/11798.png","train/11798_GT.png","0"
"train/11800.png","train/11800_GT.png","1"
"train/11801.png","train/11801_GT.png","0"
"train/11802.png","train/11802_GT.png","0"
"train/11804.png","train/11804_GT.png","1"
"train/11805.png","train/11805_GT.png","0"
"train/11806.png","train/11806_GT.png","0"
"train/11807.png","train/11807_GT.png","0"
"train/11808.png","train/11808_GT.png","1"
"train/11809.png","train/11809_GT.png","0"
"train/11810.png","train/11810_GT.png","1"
"train/11811.png","train/11811_GT.png","0"
"train/11812.png","train/11812_GT.png","0"
"train/11813.png","train/11813_GT.png","0"
"train/11815.png","train/11815_GT.png","0"
"train/11816.png","train/11816_GT.png","0"
"train/11817.png","train/11817_GT.png","0"
"train/11818.png","train/11818_GT.png","0"
"train/11819.png","train/11819_GT.png","0"
"train/11820.png","train/11820_GT.png","0"
"train/11821.png","train/11821_GT.png","0"
"train/11822.png","train/11822_GT.png","0"
"train/11823.png","train/11823_GT.png","0"
"train/11824.png","train/11824_GT.png","0"
"train/11826.png","train/11826_GT.png","0"
"train/11829.png","train/11829_GT.png","0"
"train/11830.png","train/11830_GT.png","0"
"train/11832.png","train/11832_GT.png","1"
"train/11833.png","train/11833_GT.png","0"
"train/11834.png","train/11834_GT.png","0"
"train/11835.png","train/11835_GT.png","0"
"train/11836.png","train/11836_GT.png","1"
"train/11837.png","train/11837_GT.png","0"
"train/11838.png","train/11838_GT.png","0"
"train/11839.png","train/11839_GT.png","0"
"train/11840.png","train/11840_GT.png","0"
"train/11843.png","train/11843_GT.png","0"
"train/11844.png","train/11844_GT.png","0"
"train/11845.png","train/11845_GT.png","0"
"train/11846.png","train/11846_GT.png","0"
"train/11847.png","train/11847_GT.png","0"
"train/11848.png","train/11848_GT.png","0"
"train/11851.png","train/11851_GT.png","1"
"train/11854.png","train/11854_GT.png","0"
"train/11855.png","train/11855_GT.png","0"
"train/11857.png","train/11857_GT.png","0"
"train/11858.png","train/11858_GT.png","1"
"train/11859.png","train/11859_GT.png","0"
"train/11860.png","train/11860_GT.png","0"
"train/11861.png","train/11861_GT.png","0"
"train/11862.png","train/11862_GT.png","0"
"train/11863.png","train/11863_GT.png","0"
"train/11864.png","train/11864_GT.png","0"
"train/11865.png","train/11865_GT.png","0"
"train/11866.png","train/11866_GT.png","0"
"train/11868.png","train/11868_GT.png","0"
"train/11869.png","train/11869_GT.png","0"
"train/11870.png","train/11870_GT.png","1"
"train/11871.png","train/11871_GT.png","0"
"train/11872.png","train/11872_GT.png","0"
"train/11873.png","train/11873_GT.png","0"
"train/11874.png","train/11874_GT.png","1"
"train/11875.png","train/11875_GT.png","0"
"train/11876.png","train/11876_GT.png","0"
"train/11877.png","train/11877_GT.png","0"
"train/11878.png","train/11878_GT.png","0"
"train/11879.png","train/11879_GT.png","0"
"train/11880.png","train/11880_GT.png","0"
"train/11881.png","train/11881_GT.png","0"
"train/11883.png","train/11883_GT.png","0"
"train/11884.png","train/11884_GT.png","1"
"train/11885.png","train/11885_GT.png","0"
"train/11886.png","train/11886_GT.png","0"
"train/11887.png","train/11887_GT.png","0"
"train/11888.png","train/11888_GT.png","0"
"train/11889.png","train/11889_GT.png","0"
"train/11890.png","train/11890_GT.png","0"
"train/11891.png","train/11891_GT.png","0"
"train/11892.png","train/11892_GT.png","0"
"train/11894.png","train/11894_GT.png","0"
"train/11896.png","train/11896_GT.png","0"
"train/11897.png","train/11897_GT.png","0"
"train/11898.png","train/11898_GT.png","0"
"train/11899.png","train/11899_GT.png","1"
"train/11900.png","train/11900_GT.png","0"
"train/11901.png","train/11901_GT.png","0"
"train/11902.png","train/11902_GT.png","0"
"train/11903.png","train/11903_GT.png","0"
"train/11904.png","train/11904_GT.png","0"
"train/11906.png","train/11906_GT.png","0"
"train/11907.png","train/11907_GT.png","0"
"train/11908.png","train/11908_GT.png","0"
"train/11909.png","train/11909_GT.png","0"
"train/11913.png","train/11913_GT.png","0"
"train/11914.png","train/11914_GT.png","0"
"train/11915.png","train/11915_GT.png","0"
"train/11916.png","train/11916_GT.png","0"
"train/11917.png","train/11917_GT.png","1"
"train/11918.png","train/11918_GT.png","0"
"train/11920.png","train/11920_GT.png","1"
"train/11921.png","train/11921_GT.png","0"
"train/11923.png","train/11923_GT.png","1"
"train/11924.png","train/11924_GT.png","1"
"train/11925.png","train/11925_GT.png","0"
"train/11927.png","train/11927_GT.png","1"
"train/11928.png","train/11928_GT.png","0"
"train/11929.png","train/11929_GT.png","0"
"train/11930.png","train/11930_GT.png","0"
"train/11931.png","train/11931_GT.png","0"
"train/11932.png","train/11932_GT.png","0"
"train/11934.png","train/11934_GT.png","0"
"train/11935.png","train/11935_GT.png","0"
"train/11936.png","train/11936_GT.png","0"
"train/11937.png","train/11937_GT.png","0"
"train/11938.png","train/11938_GT.png","0"
"train/11940.png","train/11940_GT.png","0"
"train/11941.png","train/11941_GT.png","0"
"train/11942.png","train/11942_GT.png","0"
"train/11943.png","train/11943_GT.png","0"
"train/11944.png","train/11944_GT.png","0"
"train/11946.png","train/11946_GT.png","0"
"train/11949.png","train/11949_GT.png","0"
"train/11953.png","train/11953_GT.png","0"
"train/11954.png","train/11954_GT.png","0"
"train/11957.png","train/11957_GT.png","1"
"train/11958.png","train/11958_GT.png","0"
"train/11959.png","train/11959_GT.png","0"
"train/11960.png","train/11960_GT.png","0"
"train/11961.png","train/11961_GT.png","0"
"train/11965.png","train/11965_GT.png","0"
"train/11966.png","train/11966_GT.png","0"
"train/11967.png","train/11967_GT.png","0"
"train/11968.png","train/11968_GT.png","0"
"train/11969.png","train/11969_GT.png","1"
"train/11970.png","train/11970_GT.png","0"
"train/11971.png","train/11971_GT.png","0"
"train/11972.png","train/11972_GT.png","0"
"train/11973.png","train/11973_GT.png","0"
"train/11974.png","train/11974_GT.png","0"
"train/11975.png","train/11975_GT.png","0"
"train/11976.png","train/11976_GT.png","0"
"train/11977.png","train/11977_GT.png","0"
"train/11979.png","train/11979_GT.png","0"
"train/11980.png","train/11980_GT.png","1"
"train/11981.png","train/11981_GT.png","0"
"train/11982.png","train/11982_GT.png","0"
"train/11983.png","train/11983_GT.png","0"
"train/11984.png","train/11984_GT.png","0"
"train/11985.png","train/11985_GT.png","0"
"train/11986.png","train/11986_GT.png","1"
"train/11987.png","train/11987_GT.png","0"
"train/11988.png","train/11988_GT.png","0"
"train/11989.png","train/11989_GT.png","0"
"train/11990.png","train/11990_GT.png","0"
"train/11991.png","train/11991_GT.png","0"
"train/11992.png","train/11992_GT.png","0"
"train/11994.png","train/11994_GT.png","0"
"train/11995.png","train/11995_GT.png","0"
"train/11998.png","train/11998_GT.png","0"
"train/11999.png","train/11999_GT.png","0"
"train/12000.png","train/12000_GT.png","0"
"train/12001.png","train/12001_GT.png","0"
"train/12002.png","train/12002_GT.png","0"
"train/12003.png","train/12003_GT.png","0"
"train/12004.png","train/12004_GT.png","0"
"train/12005.png","train/12005_GT.png","0"
"train/12006.png","train/12006_GT.png","0"
"train/12007.png","train/12007_GT.png","0"
"train/12008.png","train/12008_GT.png","1"
"train/12009.png","train/12009_GT.png","0"
"train/12010.png","train/12010_GT.png","0"
"train/12011.png","train/12011_GT.png","0"
"train/12012.png","train/12012_GT.png","0"
"train/12013.png","train/12013_GT.png","0"
"train/12014.png","train/12014_GT.png","0"
"train/12015.png","train/12015_GT.png","0"
"train/12016.png","train/12016_GT.png","0"
"train/12017.png","train/12017_GT.png","0"
"train/12018.png","train/12018_GT.png","0"
"train/12019.png","train/12019_GT.png","0"
"train/12020.png","train/12020_GT.png","0"
"train/12021.png","train/12021_GT.png","0"
"train/12023.png","train/12023_GT.png","0"
"train/12024.png","train/12024_GT.png","0"
"train/12025.png","train/12025_GT.png","0"
"train/12026.png","train/12026_GT.png","1"
"train/12027.png","train/12027_GT.png","0"
"train/12028.png","train/12028_GT.png","1"
"train/12029.png","train/12029_GT.png","0"
"train/12030.png","train/12030_GT.png","0"
"train/12031.png","train/12031_GT.png","0"
"train/12032.png","train/12032_GT.png","0"
"train/12033.png","train/12033_GT.png","0"
"train/12034.png","train/12034_GT.png","0"
"train/12035.png","train/12035_GT.png","0"
"train/12036.png","train/12036_GT.png","0"
"train/12037.png","train/12037_GT.png","0"
"train/12038.png","train/12038_GT.png","0"
"train/12039.png","train/12039_GT.png","0"
"train/12040.png","train/12040_GT.png","0"
"train/12042.png","train/12042_GT.png","0"
"train/12043.png","train/12043_GT.png","0"
"train/12044.png","train/12044_GT.png","0"
"train/12045.png","train/12045_GT.png","0"
"train/12046.png","train/12046_GT.png","0"
"train/12047.png","train/12047_GT.png","0"
"train/12048.png","train/12048_GT.png","0"
"train/12049.png","train/12049_GT.png","0"
"train/12050.png","train/12050_GT.png","1"
"train/12053.png","train/12053_GT.png","0"
"train/12054.png","train/12054_GT.png","0"
"train/12055.png","train/12055_GT.png","0"
"train/12056.png","train/12056_GT.png","1"
"train/12057.png","train/12057_GT.png","0"
"train/12058.png","train/12058_GT.png","0"
"train/12061.png","train/12061_GT.png","0"
"train/12062.png","train/12062_GT.png","0"
"train/12063.png","train/12063_GT.png","0"
"train/12064.png","train/12064_GT.png","0"
"train/12065.png","train/12065_GT.png","0"
"train/12067.png","train/12067_GT.png","0"
"train/12068.png","train/12068_GT.png","0"
"train/12069.png","train/12069_GT.png","0"
"train/12070.png","train/12070_GT.png","1"
"train/12071.png","train/12071_GT.png","1"
"train/12072.png","train/12072_GT.png","0"
"train/12073.png","train/12073_GT.png","0"
"train/12075.png","train/12075_GT.png","0"
"train/12076.png","train/12076_GT.png","0"
"train/12077.png","train/12077_GT.png","0"
"train/12078.png","train/12078_GT.png","0"
"train/12079.png","train/12079_GT.png","0"
"train/12080.png","train/12080_GT.png","1"
"train/12081.png","train/12081_GT.png","1"
"train/12082.png","train/12082_GT.png","0"
"train/12083.png","train/12083_GT.png","0"
"train/12084.png","train/12084_GT.png","0"
"train/12085.png","train/12085_GT.png","0"
"train/12086.png","train/12086_GT.png","0"
"train/12088.png","train/12088_GT.png","0"
"train/12089.png","train/12089_GT.png","0"
"train/12090.png","train/12090_GT.png","0"
"train/12091.png","train/12091_GT.png","0"
"train/12092.png","train/12092_GT.png","0"
"train/12093.png","train/12093_GT.png","0"
"train/12094.png","train/12094_GT.png","0"
"train/12095.png","train/12095_GT.png","0"
"train/12097.png","train/12097_GT.png","0"
"train/12098.png","train/12098_GT.png","0"
"train/12099.png","train/12099_GT.png","0"
"train/12100.png","train/12100_GT.png","0"
"train/12102.png","train/12102_GT.png","0"
"train/12103.png","train/12103_GT.png","0"
"train/12105.png","train/12105_GT.png","1"
"train/12107.png","train/12107_GT.png","0"
"train/12108.png","train/12108_GT.png","0"
"train/12110.png","train/12110_GT.png","0"
"train/12112.png","train/12112_GT.png","0"
"train/12113.png","train/12113_GT.png","0"
"train/12114.png","train/12114_GT.png","0"
"train/12115.png","train/12115_GT.png","0"
"train/12116.png","train/12116_GT.png","0"
"train/12117.png","train/12117_GT.png","0"
"train/12118.png","train/12118_GT.png","0"
"train/12119.png","train/12119_GT.png","0"
"train/12120.png","train/12120_GT.png","0"
"train/12121.png","train/12121_GT.png","0"
"train/12122.png","train/12122_GT.png","0"
"train/12124.png","train/12124_GT.png","0"
"train/12125.png","train/12125_GT.png","0"
"train/12126.png","train/12126_GT.png","0"
"train/12127.png","train/12127_GT.png","0"
"train/12130.png","train/12130_GT.png","0"
"train/12131.png","train/12131_GT.png","1"
"train/12132.png","train/12132_GT.png","0"
"train/12133.png","train/12133_GT.png","0"
"train/12134.png","train/12134_GT.png","0"
"train/12135.png","train/12135_GT.png","0"
"train/12136.png","train/12136_GT.png","0"
"train/12137.png","train/12137_GT.png","0"
"train/12138.png","train/12138_GT.png","0"
"train/12140.png","train/12140_GT.png","0"
"train/12141.png","train/12141_GT.png","1"
"train/12144.png","train/12144_GT.png","0"
"train/12145.png","train/12145_GT.png","0"
"train/12146.png","train/12146_GT.png","1"
"train/12147.png","train/12147_GT.png","0"
"train/12149.png","train/12149_GT.png","0"
"train/12150.png","train/12150_GT.png","0"
"train/12151.png","train/12151_GT.png","0"
"train/12153.png","train/12153_GT.png","0"
"train/12154.png","train/12154_GT.png","0"
"train/12155.png","train/12155_GT.png","0"
"train/12156.png","train/12156_GT.png","0"
"train/12158.png","train/12158_GT.png","0"
"train/12159.png","train/12159_GT.png","0"
"train/12160.png","train/12160_GT.png","1"
"train/12161.png","train/12161_GT.png","0"
"train/12164.png","train/12164_GT.png","0"
"train/12165.png","train/12165_GT.png","0"
"train/12166.png","train/12166_GT.png","0"
"train/12167.png","train/12167_GT.png","0"
"train/12168.png","train/12168_GT.png","0"
"train/12169.png","train/12169_GT.png","0"
"train/12170.png","train/12170_GT.png","0"
"train/12171.png","train/12171_GT.png","0"
"train/12172.png","train/12172_GT.png","0"
"train/12173.png","train/12173_GT.png","0"
"train/12174.png","train/12174_GT.png","0"
"train/12175.png","train/12175_GT.png","0"
"train/12177.png","train/12177_GT.png","0"
"train/12178.png","train/12178_GT.png","0"
"train/12180.png","train/12180_GT.png","0"
"train/12181.png","train/12181_GT.png","0"
"train/12183.png","train/12183_GT.png","0"
"train/12184.png","train/12184_GT.png","0"
"train/12187.png","train/12187_GT.png","0"
"train/12188.png","train/12188_GT.png","0"
"train/12189.png","train/12189_GT.png","0"
"train/12190.png","train/12190_GT.png","0"
"train/12191.png","train/12191_GT.png","1"
"train/12193.png","train/12193_GT.png","0"
"train/12194.png","train/12194_GT.png","0"
"train/12195.png","train/12195_GT.png","0"
"train/12196.png","train/12196_GT.png","0"
"train/12197.png","train/12197_GT.png","0"
"train/12198.png","train/12198_GT.png","0"
"train/12199.png","train/12199_GT.png","0"
"train/12200.png","train/12200_GT.png","0"
"train/12201.png","train/12201_GT.png","1"
"train/12202.png","train/12202_GT.png","0"
"train/12203.png","train/12203_GT.png","0"
"train/12205.png","train/12205_GT.png","0"
"train/12206.png","train/12206_GT.png","0"
"train/12207.png","train/12207_GT.png","0"
"train/12208.png","train/12208_GT.png","0"
"train/12209.png","train/12209_GT.png","0"
"train/12211.png","train/12211_GT.png","0"
"train/12214.png","train/12214_GT.png","0"
"train/12216.png","train/12216_GT.png","1"
"train/12217.png","train/12217_GT.png","0"
"train/12219.png","train/12219_GT.png","0"
"train/12220.png","train/12220_GT.png","0"
"train/12222.png","train/12222_GT.png","0"
"train/12224.png","train/12224_GT.png","0"
"train/12225.png","train/12225_GT.png","0"
"train/12227.png","train/12227_GT.png","0"
"train/12228.png","train/12228_GT.png","0"
"train/12229.png","train/12229_GT.png","0"
"train/12230.png","train/12230_GT.png","0"
"train/12232.png","train/12232_GT.png","0"
"train/12233.png","train/12233_GT.png","1"
"train/12234.png","train/12234_GT.png","0"
"train/12235.png","train/12235_GT.png","0"
"train/12236.png","train/12236_GT.png","0"
"train/12237.png","train/12237_GT.png","1"
"train/12238.png","train/12238_GT.png","0"
"train/12239.png","train/12239_GT.png","0"
"train/12240.png","train/12240_GT.png","0"
"train/12241.png","train/12241_GT.png","0"
"train/12242.png","train/12242_GT.png","0"
"train/12243.png","train/12243_GT.png","0"
"train/12244.png","train/12244_GT.png","1"
"train/12246.png","train/12246_GT.png","0"
"train/12247.png","train/12247_GT.png","0"
"train/12250.png","train/12250_GT.png","0"
"train/12252.png","train/12252_GT.png","0"
"train/12253.png","train/12253_GT.png","0"
"train/12254.png","train/12254_GT.png","0"
"train/12255.png","train/12255_GT.png","1"
"train/12257.png","train/12257_GT.png","0"
"train/12258.png","train/12258_GT.png","0"
"train/12259.png","train/12259_GT.png","0"
"train/12261.png","train/12261_GT.png","0"
"train/12264.png","train/12264_GT.png","0"
"train/12265.png","train/12265_GT.png","0"
"train/12266.png","train/12266_GT.png","0"
"train/12267.png","train/12267_GT.png","0"
"train/12269.png","train/12269_GT.png","0"
"train/12271.png","train/12271_GT.png","0"
"train/12272.png","train/12272_GT.png","0"
"train/12274.png","train/12274_GT.png","1"
"train/12277.png","train/12277_GT.png","0"
"train/12278.png","train/12278_GT.png","0"
"train/12280.png","train/12280_GT.png","0"
"train/12282.png","train/12282_GT.png","0"
"train/12283.png","train/12283_GT.png","0"
"train/12284.png","train/12284_GT.png","0"
"train/12285.png","train/12285_GT.png","0"
"train/12286.png","train/12286_GT.png","0"
"train/12287.png","train/12287_GT.png","1"
"train/12288.png","train/12288_GT.png","1"
"train/12289.png","train/12289_GT.png","0"
"train/12290.png","train/12290_GT.png","0"
"train/12291.png","train/12291_GT.png","0"
"train/12292.png","train/12292_GT.png","0"
"train/12294.png","train/12294_GT.png","0"
"train/12295.png","train/12295_GT.png","0"
"train/12296.png","train/12296_GT.png","0"
"train/12297.png","train/12297_GT.png","0"
"train/12300.png","train/12300_GT.png","0"
"train/12301.png","train/12301_GT.png","1"
"train/12302.png","train/12302_GT.png","0"
"train/12303.png","train/12303_GT.png","1"
"train/12305.png","train/12305_GT.png","0"
"train/12306.png","train/12306_GT.png","0"
"train/12307.png","train/12307_GT.png","0"
"train/12308.png","train/12308_GT.png","0"
"train/12309.png","train/12309_GT.png","0"
"train/12310.png","train/12310_GT.png","0"
"train/12312.png","train/12312_GT.png","0"
"train/12314.png","train/12314_GT.png","1"
"train/12316.png","train/12316_GT.png","0"
"train/12317.png","train/12317_GT.png","1"
"train/12318.png","train/12318_GT.png","0"
"train/12319.png","train/12319_GT.png","0"
"train/12320.png","train/12320_GT.png","0"
"train/12321.png","train/12321_GT.png","0"
"train/12322.png","train/12322_GT.png","0"
"train/12323.png","train/12323_GT.png","0"
"train/12324.png","train/12324_GT.png","0"
"train/12325.png","train/12325_GT.png","0"
"train/12327.png","train/12327_GT.png","0"
"train/12329.png","train/12329_GT.png","0"
"train/12330.png","train/12330_GT.png","0"
